firstName,lastName,email,gender,mobileNumber,dateOfBirth,hobbiesSports,hobbiesReading,hobbiesMusic,fileType,location,address,submitAnotherForm,feedbackRating,feedbackComment,submitAnotherFormAfterFeedback
Lewies Thor,Thor,lewiesthor@gmail.com,M,91239123,17061995,TRUE,TRUE,TRUE,txt,WEST,test address blk 1 #01-01,FALSE,3,test feedback comment,TRUE
Lewies Thor,Thor,lewiesthor@gmail.com,M,91239123,17061995,TRUE,TRUE,TRUE,txt,WEST,test address blk 1 #01-01,TRUE,3,test feedback comment,TRUE
Lewies Thor,Thor,lewiesthor@gmail.com,M,91239123,17061995,TRUE,TRUE,TRUE,txt,WEST,test address blk 1 #01-01,FALSE,3,,FALSE
Lewies Thor,Thor,lewiesthor@gmail.com,M,91239123,17061995,TRUE,TRUE,TRUE,txt,WEST,test address blk 1 #01-01,FALSE,2,test feedback comment,FALSE
Lewies Thor,Thor,lewiesthor@gmail.com,M,91239123,17061995,TRUE,TRUE,TRUE,txt,WEST,test address blk 1 #01-01,FALSE,2,,TRUE
Lewies Thor,Thor,lewiesthor@gmail.com,M,91239123,17061995,TRUE,TRUE,TRUE,txt,WEST,test address blk 1 #01-01,FALSE,1,test feedback comment,TRUE
Lewies Thor,Thor,lewiesthor@gmail.com,M,91239123,17061995,TRUE,TRUE,TRUE,txt,WEST,test address blk 1 #01-01,FALSE,1,,FALSE
Lewies Thor,Thor,lewiesthor@gmail.com,M,91239123,17061995,TRUE,TRUE,TRUE,txt,WEST,test address blk 1 #01-01,FALSE,4,test feedback comment,FALSE
Lewies Thor,Thor,lewiesthor@gmail.com,M,91239123,17061995,TRUE,TRUE,TRUE,txt,WEST,test address blk 1 #01-01,FALSE,4,,TRUE
Lewies Thor,Thor,lewiesthor@gmail.com,M,91239123,17061995,TRUE,TRUE,TRUE,txt,WEST,test address blk 1 #01-01,FALSE,5,test feedback comment,TRUE
Lewies Thor,Thor,lewiesthor@gmail.com,M,91239123,17061995,TRUE,TRUE,TRUE,txt,WEST,test address blk 1 #01-01,FALSE,5,,FALSE
Lewies Thor,Thor,lewiesthor@gmail.com,M,91239123,17061995,TRUE,TRUE,TRUE,txt,WEST,test address blk 1 #01-01,FALSE,6,test feedback comment,FALSE
Lewies Thor,Thor,lewiesthor@gmail.com,M,91239123,17061995,TRUE,TRUE,TRUE,txt,WEST,test address blk 1 #01-01,FALSE,6,,TRUE
